request_id,request_summary,amount,decision,risk_level,safe_amount,currency,payment_method,created_at,source,explanation
request_26,"I've been asked to transfer IDR 15,656,000 to my family. I need to complete it by 7 October 2025. Should I send the full amount, send part of it, or wait?",15656000.0,full_payment,UNKNOWN,15656000.0,IDR,full_payment,2026-09-12T16:50:32.496146+00:00,ai,"User has a current balance of 100,845,250 IDR and must keep a minimum balance of 24,768,300 IDR. Paying the requested 15,656,000 IDR leaves 85,179,250 IDR, which is above the minimum. The request does not allow partial payment, so the only viable option is a full payment. No spending changes are required."
request_26,"I've been asked to transfer IDR 15,656,000 to my family. I need to complete it by 7 October 2025. Should I send the full amount, send part of it, or wait?",15656000.0,full_payment,UNKNOWN,15656000.0,IDR,full_payment,2026-09-12T17:34:50.578320+00:00,fallback,Verified balance 100845250.00 and protected balance 24768300.00 were used; live judgment was unavailable.
request_26,"I've been asked to transfer IDR 15,656,000 to my family. I need to complete it by 7 October 2025. Should I send the full amount, send part of it, or wait?",15656000.0,full_payment,UNKNOWN,15656000.0,IDR,full_payment,2026-09-12T17:34:57.654708+00:00,fallback,Verified balance 100845250.00 and protected balance 24768300.00 were used; live judgment was unavailable.
request_27,"Can I make this purchase without dipping into the balance I want to keep? I need to decide by 21 August 2026. The laptop costs ZAR 6,670.",6670.0,full_payment,UNKNOWN,6670.0,ZAR,full_payment,2026-09-12T17:35:22.071103+00:00,fallback,Verified balance 93141.80 and protected balance 20500.00 were used; live judgment was unavailable.
request_28,"I'm planning an investment contribution of EUR 1,302.40. What portion can I invest today without going below my minimum balance?",1302.4,not_recommended,UNKNOWN,689.4,EUR,not_recommended,2026-09-12T17:35:29.465279+00:00,fallback,Verified balance 1789.40 and protected balance 1100.00 were used; live judgment was unavailable.
request_26,"I've been asked to transfer IDR 15,656,000 to my family. I need to complete it by 7 October 2025. Should I send the full amount, send part of it, or wait?",15656000.0,full_payment,UNKNOWN,15656000.0,IDR,full_payment,2026-09-12T17:35:37.200012+00:00,fallback,Verified balance 100845250.00 and protected balance 24768300.00 were used; live judgment was unavailable.
request_26,"I've been asked to transfer IDR 15,656,000 to my family. I need to complete it by 7 October 2025. Should I send the full amount, send part of it, or wait?",15656000.0,full_payment,UNKNOWN,15656000.0,IDR,full_payment,2026-09-12T17:35:44.910077+00:00,fallback,Verified balance 100845250.00 and protected balance 24768300.00 were used; live judgment was unavailable.
request_26,"I've been asked to transfer IDR 15,656,000 to my family. I need to complete it by 7 October 2025. Should I send the full amount, send part of it, or wait?",15656000.0,full_payment,UNKNOWN,15656000.0,IDR,full_payment,2026-09-12T17:35:52.625464+00:00,fallback,Verified balance 100845250.00 and protected balance 24768300.00 were used; live judgment was unavailable.
request_26,"I've been asked to transfer IDR 15,656,000 to my family. I need to complete it by 7 October 2025. Should I send the full amount, send part of it, or wait?",15656000.0,full_payment,UNKNOWN,15656000.0,IDR,full_payment,2026-09-12T17:37:38.340784+00:00,fallback,Verified balance 100845250.00 and protected balance 24768300.00 were used; live judgment was unavailable.
request_26,"I've been asked to transfer IDR 15,656,000 to my family. I need to complete it by 7 October 2025. Should I send the full amount, send part of it, or wait?",15656000.0,full_payment,UNKNOWN,15656000.0,IDR,full_payment,2026-09-12T17:40:04.312764+00:00,ai,"The user’s current available balance is IDR 100,845,250.00, and the minimum balance to keep is IDR 24,768,300.00. After subtracting the requested transfer amount of IDR 15,656,000.00, the user would still have IDR 85,189,250.00, which is above the minimum required balance. The verified fact set confirms that the safe amount to pay today is exactly the requested amount. The user’s request does not allow partial payment, and the only payment method that satisfies the request is the full payment option (payment_option_72). Therefore the transfer can be made immediately on the request date, with no spending changes needed."
personal-20260913075724803470,HP OmniBook OLED ● Intel Core Ultra 5 322● 46 Tops● 16GB DDR5 (Upgradeable)● 512GB SSD● 2K●14''/35.6cm● 300nits● Win11● Office24● Silver● 1.4kg● hs0052TU● Lighter mini GaN Charger● AI Laptop,119990.0,WAIT,MEDIUM,463.0,$,WAIT,2026-09-13T07:57:24.804686+00:00,ai,"The user cannot afford the HP OmniBook OLED outright and would need to deplete their savings and available balance, which would significantly reduce their emergency buffer. Since they cannot reduce discretionary spending, it is safer to wait until they have sufficient funds."
request_26,"I've been asked to transfer IDR 15,656,000 to my family. I need to complete it by 7 October 2025. Should I send the full amount, send part of it, or wait?",15656000.0,full_payment,UNKNOWN,15656000.0,IDR,full_payment,2026-09-13T07:57:33.889913+00:00,ai,"The user has a current available balance of IDR 100,845,250 and must keep a minimum balance of IDR 24,768,300, leaving IDR 76,076,950 available for new payments. The requested transfer is IDR 15,656,000, which is well within the available amount. A full payment option is available on 3 Aug 2025, meeting the requested completion date of 7 Oct 2025. No spending changes are required because the transfer does not affect protected expense categories. Therefore the transfer can be made in full now."
request_26,"I've been asked to transfer IDR 15,656,000 to my family. I need to complete it by 7 October 2025. Should I send the full amount, send part of it, or wait?",15656000.0,full_payment,UNKNOWN,15656000.0,IDR,full_payment,2026-09-13T07:57:54.810904+00:00,fallback,Verified balance 100845250.00 and protected balance 24768300.00 were used; live judgment was unavailable.
request_26,"I've been asked to transfer IDR 15,656,000 to my family. I need to complete it by 7 October 2025. Should I send the full amount, send part of it, or wait?",15656000.0,full_payment,UNKNOWN,15656000.0,IDR,full_payment,2026-09-13T08:00:14.699734+00:00,fallback,Verified balance 100845250.00 and protected balance 24768300.00 were used; live judgment was unavailable.
request_26,"I've been asked to transfer IDR 15,656,000 to my family. I need to complete it by 7 October 2025. Should I send the full amount, send part of it, or wait?",15656000.0,full_payment,UNKNOWN,15656000.0,IDR,full_payment,2026-09-13T08:04:08.694381+00:00,fallback,Verified balance 100845250.00 and protected balance 24768300.00 were used; live judgment was unavailable.
request_26,"I've been asked to transfer IDR 15,656,000 to my family. I need to complete it by 7 October 2025. Should I send the full amount, send part of it, or wait?",15656000.0,full_payment,UNKNOWN,15656000.0,IDR,full_payment,2026-09-13T08:04:32.192277+00:00,fallback,Verified balance 100845250.00 and protected balance 24768300.00 were used; live judgment was unavailable.
request_26,"I've been asked to transfer IDR 15,656,000 to my family. I need to complete it by 7 October 2025. Should I send the full amount, send part of it, or wait?",15656000.0,full_payment,UNKNOWN,15656000.0,IDR,full_payment,2026-09-13T08:04:41.905450+00:00,fallback,Verified balance 100845250.00 and protected balance 24768300.00 were used; live judgment was unavailable.
request_26,"I've been asked to transfer IDR 15,656,000 to my family. I need to complete it by 7 October 2025. Should I send the full amount, send part of it, or wait?",15656000.0,full_payment,UNKNOWN,15656000.0,IDR,full_payment,2026-09-13T08:05:00.908557+00:00,fallback,Verified balance 100845250.00 and protected balance 24768300.00 were used; live judgment was unavailable.
request_26,"I've been asked to transfer IDR 15,656,000 to my family. I need to complete it by 7 October 2025. Should I send the full amount, send part of it, or wait?",15656000.0,full_payment,UNKNOWN,15656000.0,IDR,full_payment,2026-09-13T08:06:51.158400+00:00,ai,"The user’s current available balance is IDR 100,845,250. The requested transfer is IDR 15,656,000, and the user’s minimum balance to keep is IDR 24,768,300. After paying the full amount, the remaining balance would be IDR 85,189,250, which is well above the minimum required balance. There are no pending debits and the user has not indicated any upcoming expenses that would reduce the balance below the minimum. Therefore the transfer is affordable now, and the recommended method is a full payment on the request date. No spending changes are needed."
request_26,"I've been asked to transfer IDR 15,656,000 to my family. I need to complete it by 7 October 2025. Should I send the full amount, send part of it, or wait?",15656000.0,full_payment,UNKNOWN,15656000.0,IDR,full_payment,2026-09-13T08:11:59.180810+00:00,ai,"The user’s current available balance is IDR 100,845,250, and the minimum balance to keep is IDR 24,768,300, leaving IDR 76,076,950 available for spending. The requested transfer amount is IDR 15,656,000, which is well within the available amount. There are no pending debits and the user’s financial priorities and protected expense categories do not conflict with this payment. Therefore the transfer can be made in full on the request date, and no spending changes are required."
request_26,"I've been asked to transfer IDR 15,656,000 to my family. I need to complete it by 7 October 2025. Should I send the full amount, send part of it, or wait?",15656000.0,full_payment,UNKNOWN,15656000.0,IDR,full_payment,2026-09-13T08:16:17.116425+00:00,ai,"The user’s current available balance is IDR 100,845,250.00, which is well above the minimum balance to keep of IDR 24,768,300.00. Paying the requested IDR 15,656,000.00 would leave a balance of IDR 85,189,250.00, still comfortably above the minimum. No pending debits or unresolved expenses are scheduled before the desired completion date, and the user’s allowed payment methods include full payment. Therefore the transfer is affordable now and can be completed immediately with a full payment."
personal-20260913081636189971,Rent Receipt,5.0,PAY_IN_FULL,LOW,5.0,$,PAY_IN_FULL,2026-09-13T08:16:36.191103+00:00,fallback,"Based on a remaining monthly budget of -7618.02 and combined liquid funds (balance + savings) of 88763.00 against a price of 5.00, this option best balances affordability with financial safety."
request_27,"Can I make this purchase without dipping into the balance I want to keep? I need to decide by 21 August 2026. The laptop costs ZAR 6,670.",6670.0,full_payment,UNKNOWN,6670.0,ZAR,full_payment,2026-09-13T08:19:27.692214+00:00,fallback,Verified balance 93141.80 and protected balance 20500.00 were used; live judgment was unavailable.
request_26,"I've been asked to transfer IDR 15,656,000 to my family. I need to complete it by 7 October 2025. Should I send the full amount, send part of it, or wait?",15656000.0,full_payment,UNKNOWN,15656000.0,IDR,full_payment,2026-09-13T08:27:40.850173+00:00,ai,"Using the verified facts, the user has a current available balance of 100,845,250 IDR and a minimum balance to keep of 24,768,300 IDR. Paying the requested 15,656,000 IDR would leave a balance of 85,189,250 IDR, which is above the minimum. There are no pending debits and the safe amount today equals the requested amount. Therefore the transfer can be made immediately with a full payment."
personal-20260913083317917587,YOURACCOUNTSUMMARY,822.05,PAY_IN_FULL,LOW,822.05,$,PAY_IN_FULL,2026-09-13T08:33:17.917587+00:00,fallback,"Based on a remaining monthly budget of 8031.04 and combined liquid funds (balance + savings) of 12669.00 against a price of 822.05, this option best balances affordability with financial safety."
request_26,"I've been asked to transfer IDR 15,656,000 to my family. I need to complete it by 7 October 2025. Should I send the full amount, send part of it, or wait?",15656000.0,full_payment,UNKNOWN,15656000.0,IDR,full_payment,2026-09-13T08:53:18.676713+00:00,fallback,Verified balance 100845250.00 and protected balance 24768300.00 were used; live judgment was unavailable.
request_26,"I've been asked to transfer IDR 15,656,000 to my family. I need to complete it by 7 October 2025. Should I send the full amount, send part of it, or wait?",15656000.0,full_payment,UNKNOWN,15656000.0,IDR,full_payment,2026-09-13T08:53:29.026548+00:00,fallback,Verified balance 100845250.00 and protected balance 24768300.00 were used; live judgment was unavailable.
request_26,"I've been asked to transfer IDR 15,656,000 to my family. I need to complete it by 7 October 2025. Should I send the full amount, send part of it, or wait?",15656000.0,full_payment,UNKNOWN,15656000.0,IDR,full_payment,2026-09-13T08:55:38.047000+00:00,fallback,Verified balance 100845250.00 and protected balance 24768300.00 were used; live judgment was unavailable.
request_26,"I've been asked to transfer IDR 15,656,000 to my family. I need to complete it by 7 October 2025. Should I send the full amount, send part of it, or wait?",15656000.0,full_payment,UNKNOWN,15656000.0,IDR,full_payment,2026-09-13T08:59:04.100344+00:00,ai,"The user has a current available balance of IDR 100,845,250 and a minimum balance requirement of IDR 24,768,300. Paying the requested IDR 15,656,000 leaves IDR 85,189,250, which is well above the minimum balance. There are no pending debits and the user’s request does not allow partial payment, so a full payment is both possible and recommended. No spending changes are required."
personal-20260913085927846685,fkmfhk,6556.0,DO_NOT_PROCEED,HIGH,544.0,₹,DO_NOT_PROCEED,2026-09-13T08:59:27.848192+00:00,fallback,"Based on a remaining monthly budget of -5657.00 and combined liquid funds (balance + savings) of 5108.00 against a price of 6556.00, this option best balances affordability with financial safety."
request_26,"I've been asked to transfer IDR 15,656,000 to my family. I need to complete it by 7 October 2025. Should I send the full amount, send part of it, or wait?",15656000.0,full_payment,UNKNOWN,15656000.0,IDR,full_payment,2026-09-13T09:06:03.886576+00:00,fallback,Verified balance 100845250.00 and protected balance 24768300.00 were used; live judgment was unavailable.
personal-20260913090622134876,YOURACCOUNTSUMMARY,822.05,DO_NOT_PROCEED,HIGH,25.0,₹,DO_NOT_PROCEED,2026-09-13T09:06:22.134876+00:00,fallback,"Based on a remaining monthly budget of -268.97 and combined liquid funds (balance + savings) of 611.00 against a price of 822.05, this option best balances affordability with financial safety."
personal-20260913091608926453,Test,1000.0,USE_INSTALLMENTS,MEDIUM,500.0,?,USE_INSTALLMENTS,2026-09-13T09:16:08.926453+00:00,fallback,"Based on a remaining monthly budget of 500.00 and combined liquid funds (balance + savings) of 700.00 against a price of 1000.00, this option best balances affordability with financial safety."
personal-20260913091852291076,Laptop,1200.0,USE_INSTALLMENTS,MEDIUM,500.0,₹,USE_INSTALLMENTS,2026-09-13T09:18:52.291076+00:00,fallback,"Based on a remaining monthly budget of 700.00 and combined liquid funds (balance + savings) of 1000.00 against a price of 1200.00, this option best balances affordability with financial safety."
request_26,"I've been asked to transfer IDR 15,656,000 to my family. I need to complete it by 7 October 2025. Should I send the full amount, send part of it, or wait?",15656000.0,full_payment,UNKNOWN,15656000.0,IDR,full_payment,2026-09-13T09:22:22.062277+00:00,fallback,Verified balance 100845250.00 and protected balance 24768300.00 were used; live judgment was unavailable.
request_26,"I've been asked to transfer IDR 15,656,000 to my family. I need to complete it by 7 October 2025. Should I send the full amount, send part of it, or wait?",15656000.0,full_payment,UNKNOWN,15656000.0,IDR,full_payment,2026-09-13T09:23:42.842496+00:00,fallback,Verified balance 100845250.00 and protected balance 24768300.00 were used; live judgment was unavailable.
personal-20260913092954067541,Laptop,1200.0,USE_INSTALLMENTS,MEDIUM,500.0,₹,USE_INSTALLMENTS,2026-09-13T09:29:54.067541+00:00,fallback,"Based on a remaining monthly budget of 700.00 and combined liquid funds (balance + savings) of 1000.00 against a price of 1200.00, this option best balances affordability with financial safety."
request_26,"I've been asked to transfer IDR 15,656,000 to my family. I need to complete it by 7 October 2025. Should I send the full amount, send part of it, or wait?",15656000.0,full_payment,UNKNOWN,15656000.0,IDR,full_payment,2026-09-13T09:29:59.832209+00:00,fallback,Verified balance 100845250.00 and protected balance 24768300.00 were used; live judgment was unavailable.
request_26,"I've been asked to transfer IDR 15,656,000 to my family. I need to complete it by 7 October 2025. Should I send the full amount, send part of it, or wait?",15656000.0,full_payment,UNKNOWN,15656000.0,IDR,full_payment,2026-09-13T09:30:08.207965+00:00,fallback,Verified balance 100845250.00 and protected balance 24768300.00 were used; live judgment was unavailable.
personal-20260913093034978558,ITEMDETAILS,2854.0,PAY_IN_FULL,LOW,2854.0,₹,PAY_IN_FULL,2026-09-13T09:30:34.978558+00:00,fallback,"Based on a remaining monthly budget of -1407.00 and combined liquid funds (balance + savings) of 5477225.99 against a price of 2854.00, this option best balances affordability with financial safety."
request_26,"I've been asked to transfer IDR 15,656,000 to my family. I need to complete it by 7 October 2025. Should I send the full amount, send part of it, or wait?",15656000.0,full_payment,UNKNOWN,15656000.0,IDR,full_payment,2026-09-13T09:32:38.609285+00:00,fallback,Verified balance 100845250.00 and protected balance 24768300.00 were used; live judgment was unavailable.
personal-20260913094125182110,ITEMDETAILS,2854.0,DO_NOT_PROCEED,HIGH,435.0,₹,DO_NOT_PROCEED,2026-09-13T09:41:25.182110+00:00,ai,User has insufficient funds and negative cash flow; cannot afford purchase without harming financial safety net.
personal-20260913094544539305,YOURACCOUNTSUMMARY,822.05,PAY_IN_FULL,LOW,822.05,₹,PAY_IN_FULL,2026-09-13T09:45:44.539305+00:00,ai,Buying this purchase now is affordable.
request_26,"I've been asked to transfer IDR 15,656,000 to my family. I need to complete it by 7 October 2025. Should I send the full amount, send part of it, or wait?",15656000.0,full_payment,UNKNOWN,15656000.0,IDR,full_payment,2026-09-13T10:13:19.420999+00:00,ai,"Using the current available balance of IDR 100,845,250 and a required minimum balance of IDR 24,768,300, the user can afford the full transfer of IDR 15,656,000 today. The payment option with method full_payment is available and meets the deadline of 2025-10-07. No spending changes are needed."
personal-20260913101334590183,354trsgdfg,32424.0,DO_NOT_PROCEED,HIGH,234.0,₹,DO_NOT_PROCEED,2026-09-13T10:13:34.590183+00:00,ai,The user has a negative monthly budget and insufficient savings to cover the purchase price. Proceeding would severely deplete their financial safety net.
personal-20260913101507693573,6758678hjk,767.0,DO_NOT_PROCEED,HIGH,67.0,₹,DO_NOT_PROCEED,2026-09-13T10:15:07.693573+00:00,ai,The user has a negative monthly budget and insufficient savings to cover the purchase without jeopardizing their emergency buffer.
request_26,"I've been asked to transfer IDR 15,656,000 to my family. I need to complete it by 7 October 2025. Should I send the full amount, send part of it, or wait?",15656000.0,full_payment,UNKNOWN,15656000.0,IDR,full_payment,2026-09-13T10:16:54.958818+00:00,ai,"Current balance 100,845,250 IDR, minimum balance 24,768,300 IDR, requested amount 15,656,000 IDR. After payment remaining balance 85,189,250 IDR, above minimum. No pending debits. Full payment option available on 2025-08-03, before deadline 2025-10-07. Therefore the transfer is affordable now and should be paid in full immediately."
personal-20260913101746536240,57567,567567.0,DO_NOT_PROCEED,HIGH,5676.0,₹,DO_NOT_PROCEED,2026-09-13T10:17:46.536240+00:00,ai,"User has a negative monthly budget, insufficient available balance, and cannot reduce discretionary spending, making the purchase unaffordable."
request_26,"I've been asked to transfer IDR 15,656,000 to my family. I need to complete it by 7 October 2025. Should I send the full amount, send part of it, or wait?",15656000.0,full_payment,UNKNOWN,15656000.0,IDR,full_payment,2026-09-13T10:18:22.139137+00:00,ai,"The user has a current available balance of 100,845,250 IDR and a minimum balance requirement of 24,768,300 IDR, leaving 76,076,950 IDR available for spending. The requested transfer of 15,656,000 IDR is well within this available amount and can be paid in full on the request date, meeting the desired completion date of 2025-10-07. No spending changes are required. The user’s payment options include full payment and installments; full payment is the most straightforward and cost‑effective choice. Therefore the request is affordable now and the recommended payment method is full payment."
personal-20260913101854180573,345346,6457.0,DO_NOT_PROCEED,HIGH,657.0,₹,DO_NOT_PROCEED,2026-09-13T10:18:54.182081+00:00,fallback,"Based on a remaining monthly budget of -6466.99 and combined liquid funds (balance + savings) of 714.00 against a price of 6457.00, this option best balances affordability with financial safety."
personal-20260913102109016313,HUMANRESOURCEDEPARTMENT,780800.0,DO_NOT_PROCEED,HIGH,567.0,₹,DO_NOT_PROCEED,2026-09-13T10:21:09.016313+00:00,fallback,"Based on a remaining monthly budget of -622.99 and combined liquid funds (balance + savings) of 9537.00 against a price of 780800.00, this option best balances affordability with financial safety."
request_26,"I've been asked to transfer IDR 15,656,000 to my family. I need to complete it by 7 October 2025. Should I send the full amount, send part of it, or wait?",15656000.0,full_payment,UNKNOWN,15656000.0,IDR,full_payment,2026-09-13T10:25:14.459962+00:00,fallback,Verified balance 100845250.00 and protected balance 24768300.00 were used; live judgment was unavailable.
request_26,"I've been asked to transfer IDR 15,656,000 to my family. I need to complete it by 7 October 2025. Should I send the full amount, send part of it, or wait?",15656000.0,full_payment,UNKNOWN,15656000.0,IDR,full_payment,2026-09-13T10:25:26.337787+00:00,fallback,Verified balance 100845250.00 and protected balance 24768300.00 were used; live judgment was unavailable.
